"","Gene","p_value","t_value","FC"
"1","CD55",0.731866290097153,1780,0.648287202910656
"2","CKB",0.705298767716142,1773,0.964311216648074
"3","CNDP2",0.0376442906310159,1438,0.855816090738686
"4","CRYAB",0.985824949084217,1852,0.953182243639932
"5","EPB41L2",0.463246218638249,1993,1.93857399451601
"6","IK",0.557672607434147,1964,0.906740305738914
"7","RNASET2",0.325978593021727,1654,0.840759783033701
